serial_number,uid,url,status
"TAG-001","4GE7M81B","http://localhost:3000/q/4GE7M81B","unactivated"
"TAG-002","IEOWK13F","http://localhost:3000/q/IEOWK13F","unactivated"
"TAG-003","YBAZHH7C","http://localhost:3000/q/YBAZHH7C","unactivated"
"TAG-004","0GCBSB96","http://localhost:3000/q/0GCBSB96","unactivated"
"TAG-005","7LLUJLJS","http://localhost:3000/q/7LLUJLJS","unactivated"
"TAG-006","6EF69Z11","http://localhost:3000/q/6EF69Z11","unactivated"
"TAG-007","SSOV8697","http://localhost:3000/q/SSOV8697","unactivated"
"TAG-008","EZ7K3TM7","http://localhost:3000/q/EZ7K3TM7","unactivated"
"TAG-009","Z7DFC2D6","http://localhost:3000/q/Z7DFC2D6","unactivated"
"TAG-010","KVLX30Q7","http://localhost:3000/q/KVLX30Q7","unactivated"
"TAG-011","L1ZOO763","http://localhost:3000/q/L1ZOO763","unactivated"
"TAG-012","AXVVUFNP","http://localhost:3000/q/AXVVUFNP","unactivated"
"TAG-013","MGVFZQU4","http://localhost:3000/q/MGVFZQU4","unactivated"
"TAG-014","ZPN17M5I","http://localhost:3000/q/ZPN17M5I","unactivated"
"TAG-015","PGQXF56E","http://localhost:3000/q/PGQXF56E","unactivated"
"TAG-016","4YZDRE3W","http://localhost:3000/q/4YZDRE3W","unactivated"
"TAG-017","TXFL0SS3","http://localhost:3000/q/TXFL0SS3","unactivated"
"TAG-018","41LDX2X8","http://localhost:3000/q/41LDX2X8","unactivated"
"TAG-019","6N29RGAB","http://localhost:3000/q/6N29RGAB","unactivated"
"TAG-020","IIO8PMS4","http://localhost:3000/q/IIO8PMS4","unactivated"
"TAG-021","5ENC129K","http://localhost:3000/q/5ENC129K","unactivated"
"TAG-022","GC8SX16Z","http://localhost:3000/q/GC8SX16Z","unactivated"
"TAG-023","346AZGB2","http://localhost:3000/q/346AZGB2","unactivated"
"TAG-024","ZZUTAG9Z","http://localhost:3000/q/ZZUTAG9Z","unactivated"
"TAG-025","HXAV2FZN","http://localhost:3000/q/HXAV2FZN","unactivated"
"TAG-026","TTA340US","http://localhost:3000/q/TTA340US","unactivated"
"TAG-027","DC76FD31","http://localhost:3000/q/DC76FD31","unactivated"
"TAG-028","6N3OC1TK","http://localhost:3000/q/6N3OC1TK","unactivated"
"TAG-029","AOIQAXX8","http://localhost:3000/q/AOIQAXX8","unactivated"
"TAG-030","HS82FM65","http://localhost:3000/q/HS82FM65","unactivated"
"TAG-031","ALSQW0RI","http://localhost:3000/q/ALSQW0RI","unactivated"
"TAG-032","2G5G7DU8","http://localhost:3000/q/2G5G7DU8","unactivated"
"TAG-033","ACYC77E3","http://localhost:3000/q/ACYC77E3","unactivated"
"TAG-034","21TV5AFV","http://localhost:3000/q/21TV5AFV","unactivated"
"TAG-035","3RE4PN8D","http://localhost:3000/q/3RE4PN8D","unactivated"
"TAG-036","PM8B44PJ","http://localhost:3000/q/PM8B44PJ","unactivated"
"TAG-037","BA08QPQ5","http://localhost:3000/q/BA08QPQ5","unactivated"
"TAG-038","18JJ0DQZ","http://localhost:3000/q/18JJ0DQZ","unactivated"
"TAG-039","KUV3N5OA","http://localhost:3000/q/KUV3N5OA","unactivated"
"TAG-040","9YW80EQD","http://localhost:3000/q/9YW80EQD","unactivated"
"TAG-041","5ZO8Q3SN","http://localhost:3000/q/5ZO8Q3SN","unactivated"
"TAG-042","M6G7WEUC","http://localhost:3000/q/M6G7WEUC","unactivated"
"TAG-043","PEHVPEQK","http://localhost:3000/q/PEHVPEQK","unactivated"
"TAG-044","F4M2IBIC","http://localhost:3000/q/F4M2IBIC","unactivated"
"TAG-045","FXKMOSTV","http://localhost:3000/q/FXKMOSTV","unactivated"
"TAG-046","Z77IITL8","http://localhost:3000/q/Z77IITL8","unactivated"
"TAG-047","PA8BI9LP","http://localhost:3000/q/PA8BI9LP","unactivated"
"TAG-048","ZLXRRAO5","http://localhost:3000/q/ZLXRRAO5","unactivated"
"TAG-049","4BLLVGIS","http://localhost:3000/q/4BLLVGIS","unactivated"
"TAG-050","GX3MW87K","http://localhost:3000/q/GX3MW87K","unactivated"
"TAG-051","U5BYW6E1","http://localhost:3000/q/U5BYW6E1","unactivated"
"TAG-052","9U9E6JPM","http://localhost:3000/q/9U9E6JPM","unactivated"
"TAG-053","9O13HM4P","http://localhost:3000/q/9O13HM4P","unactivated"
"TAG-054","Y9LL3CBC","http://localhost:3000/q/Y9LL3CBC","unactivated"
"TAG-055","827PQDML","http://localhost:3000/q/827PQDML","unactivated"
"TAG-056","T42Z6P93","http://localhost:3000/q/T42Z6P93","unactivated"
"TAG-057","0ADROQJT","http://localhost:3000/q/0ADROQJT","unactivated"
"TAG-058","FX6IRWS5","http://localhost:3000/q/FX6IRWS5","unactivated"
"TAG-059","3LB1RQP1","http://localhost:3000/q/3LB1RQP1","unactivated"
"TAG-060","8WRZQIO0","http://localhost:3000/q/8WRZQIO0","unactivated"
"TAG-061","NAK6XFL5","http://localhost:3000/q/NAK6XFL5","unactivated"
"TAG-062","C7Q6X79U","http://localhost:3000/q/C7Q6X79U","unactivated"
"TAG-063","U55TXTHC","http://localhost:3000/q/U55TXTHC","unactivated"
"TAG-064","54NIJ3BT","http://localhost:3000/q/54NIJ3BT","unactivated"
"TAG-065","R62TWKMU","http://localhost:3000/q/R62TWKMU","unactivated"
"TAG-066","BZLR89PT","http://localhost:3000/q/BZLR89PT","unactivated"
"TAG-067","AHAWLSV4","http://localhost:3000/q/AHAWLSV4","unactivated"
"TAG-068","03VY933F","http://localhost:3000/q/03VY933F","unactivated"
"TAG-069","LQ55N73N","http://localhost:3000/q/LQ55N73N","unactivated"
"TAG-070","KYHGK94D","http://localhost:3000/q/KYHGK94D","unactivated"
"TAG-071","8OZ84WVE","http://localhost:3000/q/8OZ84WVE","unactivated"
"TAG-072","ZKFQXZLU","http://localhost:3000/q/ZKFQXZLU","unactivated"
"TAG-073","CYAST7IG","http://localhost:3000/q/CYAST7IG","unactivated"
"TAG-074","A1DFZO9U","http://localhost:3000/q/A1DFZO9U","unactivated"
"TAG-075","66W6159Y","http://localhost:3000/q/66W6159Y","unactivated"
"TAG-076","YHU973NG","http://localhost:3000/q/YHU973NG","unactivated"
"TAG-077","R0IMB190","http://localhost:3000/q/R0IMB190","unactivated"
"TAG-078","EYAVTXJO","http://localhost:3000/q/EYAVTXJO","unactivated"
"TAG-079","D3FGHAYI","http://localhost:3000/q/D3FGHAYI","unactivated"
"TAG-080","MQNX89J2","http://localhost:3000/q/MQNX89J2","unactivated"
"TAG-081","JQPTB2IH","http://localhost:3000/q/JQPTB2IH","unactivated"
"TAG-082","JEUD94WF","http://localhost:3000/q/JEUD94WF","unactivated"
"TAG-083","KK0S693G","http://localhost:3000/q/KK0S693G","unactivated"
"TAG-084","87UGX13F","http://localhost:3000/q/87UGX13F","unactivated"
"TAG-085","R17BJTZ1","http://localhost:3000/q/R17BJTZ1","unactivated"
"TAG-086","KZKT38U2","http://localhost:3000/q/KZKT38U2","unactivated"
"TAG-087","47V2NQBE","http://localhost:3000/q/47V2NQBE","unactivated"
"TAG-088","YLV0IOSE","http://localhost:3000/q/YLV0IOSE","unactivated"
"TAG-089","E0WYQH37","http://localhost:3000/q/E0WYQH37","unactivated"
"TAG-090","325AJBBW","http://localhost:3000/q/325AJBBW","unactivated"
"TAG-091","7DC51HP9","http://localhost:3000/q/7DC51HP9","unactivated"
"TAG-092","5OOVVSIA","http://localhost:3000/q/5OOVVSIA","unactivated"
"TAG-093","OBPLBA5U","http://localhost:3000/q/OBPLBA5U","unactivated"
"TAG-094","2HDGPGD0","http://localhost:3000/q/2HDGPGD0","unactivated"
"TAG-095","CGWQXW9F","http://localhost:3000/q/CGWQXW9F","unactivated"
"TAG-096","NJ72DILA","http://localhost:3000/q/NJ72DILA","unactivated"
"TAG-097","IMCSUN10","http://localhost:3000/q/IMCSUN10","unactivated"
"TAG-098","ITM5PNCJ","http://localhost:3000/q/ITM5PNCJ","unactivated"
"TAG-099","01DLJPKA","http://localhost:3000/q/01DLJPKA","unactivated"
"TAG-100","VBVTIBCY","http://localhost:3000/q/VBVTIBCY","unactivated"
"TAG-101","RT7YBM1T","http://localhost:3000/q/RT7YBM1T","unactivated"
"TAG-102","EBJLFCWV","http://localhost:3000/q/EBJLFCWV","unactivated"
"TAG-103","QDNO1BZN","http://localhost:3000/q/QDNO1BZN","unactivated"
"TAG-104","8QWZHTN1","http://localhost:3000/q/8QWZHTN1","unactivated"
"TAG-105","486SGSK5","http://localhost:3000/q/486SGSK5","unactivated"
"TAG-106","9JJV5AIQ","http://localhost:3000/q/9JJV5AIQ","unactivated"
"TAG-107","IPS1W86G","http://localhost:3000/q/IPS1W86G","unactivated"
"TAG-108","KUJLR8OG","http://localhost:3000/q/KUJLR8OG","unactivated"
"TAG-109","GUT2C98A","http://localhost:3000/q/GUT2C98A","unactivated"
"TAG-110","UIJ9VSF0","http://localhost:3000/q/UIJ9VSF0","unactivated"
"TAG-111","XI2WWTQT","http://localhost:3000/q/XI2WWTQT","unactivated"
"TAG-112","S91IYJLO","http://localhost:3000/q/S91IYJLO","unactivated"
"TAG-113","ZUGC2NBM","http://localhost:3000/q/ZUGC2NBM","unactivated"
"TAG-114","8NT5DCOD","http://localhost:3000/q/8NT5DCOD","unactivated"
"TAG-115","L9BE3E9Q","http://localhost:3000/q/L9BE3E9Q","unactivated"
"TAG-116","Z7AMJ6NR","http://localhost:3000/q/Z7AMJ6NR","unactivated"
"TAG-117","ZPKK7NSR","http://localhost:3000/q/ZPKK7NSR","unactivated"
"TAG-118","R6JY3H14","http://localhost:3000/q/R6JY3H14","unactivated"
"TAG-119","G007CO8S","http://localhost:3000/q/G007CO8S","unactivated"
"TAG-120","46DIGKFT","http://localhost:3000/q/46DIGKFT","unactivated"
"TAG-121","VG68E6QV","http://localhost:3000/q/VG68E6QV","unactivated"
"TAG-122","T1GIGQSF","http://localhost:3000/q/T1GIGQSF","unactivated"
"TAG-123","VZAGE03B","http://localhost:3000/q/VZAGE03B","unactivated"
"TAG-124","3BMGDXHN","http://localhost:3000/q/3BMGDXHN","unactivated"
"TAG-125","ZHW24B0U","http://localhost:3000/q/ZHW24B0U","unactivated"
"TAG-126","96FOGQP9","http://localhost:3000/q/96FOGQP9","unactivated"
"TAG-127","K7W4IBXP","http://localhost:3000/q/K7W4IBXP","unactivated"
"TAG-128","IQSLLBI9","http://localhost:3000/q/IQSLLBI9","unactivated"
"TAG-129","KQ6V5GVI","http://localhost:3000/q/KQ6V5GVI","unactivated"
"TAG-130","WX8LSNDU","http://localhost:3000/q/WX8LSNDU","unactivated"
"TAG-131","55QCXP23","http://localhost:3000/q/55QCXP23","unactivated"
"TAG-132","02TY92OM","http://localhost:3000/q/02TY92OM","unactivated"
"TAG-133","2C9PAC4N","http://localhost:3000/q/2C9PAC4N","unactivated"
"TAG-134","W4J7TAHP","http://localhost:3000/q/W4J7TAHP","unactivated"
"TAG-135","8BW7Y9ZS","http://localhost:3000/q/8BW7Y9ZS","unactivated"
"TAG-136","NWAOQ6XU","http://localhost:3000/q/NWAOQ6XU","unactivated"
"TAG-137","Q8NBARBI","http://localhost:3000/q/Q8NBARBI","unactivated"
"TAG-138","INO06W34","http://localhost:3000/q/INO06W34","unactivated"
"TAG-139","MIT3HAME","http://localhost:3000/q/MIT3HAME","unactivated"
"TAG-140","T7UOBSDO","http://localhost:3000/q/T7UOBSDO","unactivated"
"TAG-141","LPP1WCX7","http://localhost:3000/q/LPP1WCX7","unactivated"
"TAG-142","TY2FKFOR","http://localhost:3000/q/TY2FKFOR","unactivated"
"TAG-143","EZRC0MSI","http://localhost:3000/q/EZRC0MSI","unactivated"
"TAG-144","FO0RX2OK","http://localhost:3000/q/FO0RX2OK","unactivated"
"TAG-145","V5QL07OI","http://localhost:3000/q/V5QL07OI","unactivated"
"TAG-146","Q0YRAPHS","http://localhost:3000/q/Q0YRAPHS","unactivated"
"TAG-147","VM1NQNTR","http://localhost:3000/q/VM1NQNTR","unactivated"
"TAG-148","Z9QOGBRO","http://localhost:3000/q/Z9QOGBRO","unactivated"
"TAG-149","K60YEM4Q","http://localhost:3000/q/K60YEM4Q","unactivated"
"TAG-150","BPKCGWOZ","http://localhost:3000/q/BPKCGWOZ","unactivated"
"TAG-151","0WRG1IL9","http://localhost:3000/q/0WRG1IL9","unactivated"
"TAG-152","DEJ43XR0","http://localhost:3000/q/DEJ43XR0","unactivated"
"TAG-153","XQP9CPJT","http://localhost:3000/q/XQP9CPJT","unactivated"
"TAG-154","KL2UXXDU","http://localhost:3000/q/KL2UXXDU","unactivated"
"TAG-155","2L35LVP6","http://localhost:3000/q/2L35LVP6","unactivated"
"TAG-156","MDMQMY6S","http://localhost:3000/q/MDMQMY6S","unactivated"
"TAG-157","30TDEYDY","http://localhost:3000/q/30TDEYDY","unactivated"
"TAG-158","BBVHU915","http://localhost:3000/q/BBVHU915","unactivated"
"TAG-159","4D8FRTP7","http://localhost:3000/q/4D8FRTP7","unactivated"
"TAG-160","V0WT27V7","http://localhost:3000/q/V0WT27V7","unactivated"
"TAG-161","4NNM7V7M","http://localhost:3000/q/4NNM7V7M","unactivated"
"TAG-162","AQB9IY2J","http://localhost:3000/q/AQB9IY2J","unactivated"
"TAG-163","S4982EKG","http://localhost:3000/q/S4982EKG","unactivated"
"TAG-164","PAFNZ3DG","http://localhost:3000/q/PAFNZ3DG","unactivated"
"TAG-165","3K6X5QZ2","http://localhost:3000/q/3K6X5QZ2","unactivated"
"TAG-166","1JX5D9CD","http://localhost:3000/q/1JX5D9CD","unactivated"
"TAG-167","QDIZV245","http://localhost:3000/q/QDIZV245","unactivated"
"TAG-168","YQ7QNNFW","http://localhost:3000/q/YQ7QNNFW","unactivated"
"TAG-169","FF6N4HVX","http://localhost:3000/q/FF6N4HVX","unactivated"
"TAG-170","3QDQAIRY","http://localhost:3000/q/3QDQAIRY","unactivated"
"TAG-171","1QWYATE7","http://localhost:3000/q/1QWYATE7","unactivated"
"TAG-172","575D7ITA","http://localhost:3000/q/575D7ITA","unactivated"
"TAG-173","OJ60SSB1","http://localhost:3000/q/OJ60SSB1","unactivated"
"TAG-174","A36S96LZ","http://localhost:3000/q/A36S96LZ","unactivated"
"TAG-175","KQHKE18Z","http://localhost:3000/q/KQHKE18Z","unactivated"
"TAG-176","CWRC7SMG","http://localhost:3000/q/CWRC7SMG","unactivated"
"TAG-177","IOG0XE1L","http://localhost:3000/q/IOG0XE1L","unactivated"
"TAG-178","5UVMD6WF","http://localhost:3000/q/5UVMD6WF","unactivated"
"TAG-179","5JF3QWRI","http://localhost:3000/q/5JF3QWRI","unactivated"
"TAG-180","P3LWO9QI","http://localhost:3000/q/P3LWO9QI","unactivated"
"TAG-181","3I9ZNOP3","http://localhost:3000/q/3I9ZNOP3","unactivated"
"TAG-182","5H7ZYLHS","http://localhost:3000/q/5H7ZYLHS","unactivated"
"TAG-183","WZD32GP3","http://localhost:3000/q/WZD32GP3","unactivated"
"TAG-184","4JQG7YIL","http://localhost:3000/q/4JQG7YIL","unactivated"
"TAG-185","11TQA8K6","http://localhost:3000/q/11TQA8K6","unactivated"
"TAG-186","RCQEUOB0","http://localhost:3000/q/RCQEUOB0","unactivated"
"TAG-187","MCRRAIFX","http://localhost:3000/q/MCRRAIFX","unactivated"
"TAG-188","0QTLY8MW","http://localhost:3000/q/0QTLY8MW","unactivated"
"TAG-189","CPBGGXM3","http://localhost:3000/q/CPBGGXM3","unactivated"
"TAG-190","LHHEQGGM","http://localhost:3000/q/LHHEQGGM","unactivated"
"TAG-191","QHUEPWP1","http://localhost:3000/q/QHUEPWP1","unactivated"
"TAG-192","X5J3T0A0","http://localhost:3000/q/X5J3T0A0","unactivated"
"TAG-193","44IOWO8I","http://localhost:3000/q/44IOWO8I","unactivated"
"TAG-194","BG9JDXAF","http://localhost:3000/q/BG9JDXAF","unactivated"
"TAG-195","35C1JSBU","http://localhost:3000/q/35C1JSBU","unactivated"
"TAG-196","KBD6EWZX","http://localhost:3000/q/KBD6EWZX","unactivated"
"TAG-197","P8EOX67T","http://localhost:3000/q/P8EOX67T","unactivated"
"TAG-198","5N0INXJ9","http://localhost:3000/q/5N0INXJ9","unactivated"
"TAG-199","94V6NDII","http://localhost:3000/q/94V6NDII","unactivated"
"TAG-200","I43H2SX4","http://localhost:3000/q/I43H2SX4","unactivated"
"TAG-201","9UUU7JG9","http://localhost:3000/q/9UUU7JG9","unactivated"
"TAG-202","T5UJS11V","http://localhost:3000/q/T5UJS11V","unactivated"
"TAG-203","TECAVOHM","http://localhost:3000/q/TECAVOHM","unactivated"
"TAG-204","0KONW4EO","http://localhost:3000/q/0KONW4EO","unactivated"
"TAG-205","UZ1QAN02","http://localhost:3000/q/UZ1QAN02","unactivated"
"TAG-206","CLRHAY8G","http://localhost:3000/q/CLRHAY8G","unactivated"
"TAG-207","ZFIVYRAZ","http://localhost:3000/q/ZFIVYRAZ","unactivated"
"TAG-208","5N11ZD7B","http://localhost:3000/q/5N11ZD7B","unactivated"
"TAG-209","UF251EZY","http://localhost:3000/q/UF251EZY","unactivated"
"TAG-210","WC18P3LW","http://localhost:3000/q/WC18P3LW","unactivated"
"TAG-211","66QRTJWY","http://localhost:3000/q/66QRTJWY","unactivated"
"TAG-212","4HST33KU","http://localhost:3000/q/4HST33KU","unactivated"
"TAG-213","PEVA2M23","http://localhost:3000/q/PEVA2M23","unactivated"
"TAG-214","5SDOTMUU","http://localhost:3000/q/5SDOTMUU","unactivated"
"TAG-215","0NDEC20M","http://localhost:3000/q/0NDEC20M","unactivated"
"TAG-216","KGXZBOB5","http://localhost:3000/q/KGXZBOB5","unactivated"
"TAG-217","CNYKJ8K1","http://localhost:3000/q/CNYKJ8K1","unactivated"
"TAG-218","YUXFS4W8","http://localhost:3000/q/YUXFS4W8","unactivated"
"TAG-219","JYGAQ9UW","http://localhost:3000/q/JYGAQ9UW","unactivated"
"TAG-220","2JHLNL21","http://localhost:3000/q/2JHLNL21","unactivated"
"TAG-221","7STHCB28","http://localhost:3000/q/7STHCB28","unactivated"
"TAG-222","IIUQI7P7","http://localhost:3000/q/IIUQI7P7","unactivated"
"TAG-223","CNFVOVEH","http://localhost:3000/q/CNFVOVEH","unactivated"
"TAG-224","7IXAW1ON","http://localhost:3000/q/7IXAW1ON","unactivated"
"TAG-225","35MIP7B0","http://localhost:3000/q/35MIP7B0","unactivated"
"TAG-226","GE5VRUAJ","http://localhost:3000/q/GE5VRUAJ","unactivated"
"TAG-227","N5DQSAPI","http://localhost:3000/q/N5DQSAPI","unactivated"
"TAG-228","W6ZT1QFH","http://localhost:3000/q/W6ZT1QFH","unactivated"
"TAG-229","DNBA1MLQ","http://localhost:3000/q/DNBA1MLQ","unactivated"
"TAG-230","K0VJJH8S","http://localhost:3000/q/K0VJJH8S","unactivated"
"TAG-231","8Y4K0ZCL","http://localhost:3000/q/8Y4K0ZCL","unactivated"
"TAG-232","QFMR1CD4","http://localhost:3000/q/QFMR1CD4","unactivated"
"TAG-233","EVE6ZUAH","http://localhost:3000/q/EVE6ZUAH","unactivated"
"TAG-234","J8XNR5G2","http://localhost:3000/q/J8XNR5G2","unactivated"
"TAG-235","YA68Y9TM","http://localhost:3000/q/YA68Y9TM","unactivated"
"TAG-236","G90D8YXS","http://localhost:3000/q/G90D8YXS","unactivated"
"TAG-237","IU68II4N","http://localhost:3000/q/IU68II4N","unactivated"
"TAG-238","GM18426E","http://localhost:3000/q/GM18426E","unactivated"
"TAG-239","Y67KYP9E","http://localhost:3000/q/Y67KYP9E","unactivated"
"TAG-240","01YGUXU9","http://localhost:3000/q/01YGUXU9","unactivated"
"TAG-241","NTHEDFCP","http://localhost:3000/q/NTHEDFCP","unactivated"
"TAG-242","YG75ZMWF","http://localhost:3000/q/YG75ZMWF","unactivated"
"TAG-243","E32HJP0O","http://localhost:3000/q/E32HJP0O","unactivated"
"TAG-244","ONGIA2G6","http://localhost:3000/q/ONGIA2G6","unactivated"
"TAG-245","NO4JOJ6G","http://localhost:3000/q/NO4JOJ6G","unactivated"
"TAG-246","E4LYUCUO","http://localhost:3000/q/E4LYUCUO","unactivated"
"TAG-247","FJG46DCQ","http://localhost:3000/q/FJG46DCQ","unactivated"
"TAG-248","LVFHO6UQ","http://localhost:3000/q/LVFHO6UQ","unactivated"
"TAG-249","IQQ3XO08","http://localhost:3000/q/IQQ3XO08","unactivated"
"TAG-250","KCZQ4JWV","http://localhost:3000/q/KCZQ4JWV","unactivated"
"TAG-251","ZRNCYJEL","http://localhost:3000/q/ZRNCYJEL","unactivated"
"TAG-252","RRJNCOQ7","http://localhost:3000/q/RRJNCOQ7","unactivated"
"TAG-253","21YZZIE2","http://localhost:3000/q/21YZZIE2","unactivated"
"TAG-254","Y61BJ9JD","http://localhost:3000/q/Y61BJ9JD","unactivated"
"TAG-255","P13SGBSE","http://localhost:3000/q/P13SGBSE","unactivated"
"TAG-256","3GFW1C7J","http://localhost:3000/q/3GFW1C7J","unactivated"
"TAG-257","YYT8X7D9","http://localhost:3000/q/YYT8X7D9","unactivated"
"TAG-258","EOTMJVS1","http://localhost:3000/q/EOTMJVS1","unactivated"
"TAG-259","GPA9YSC5","http://localhost:3000/q/GPA9YSC5","unactivated"
"TAG-260","LZDE1RRU","http://localhost:3000/q/LZDE1RRU","unactivated"
"TAG-261","DL1LDYTK","http://localhost:3000/q/DL1LDYTK","unactivated"
"TAG-262","YZ1CWUOA","http://localhost:3000/q/YZ1CWUOA","unactivated"
"TAG-263","G4TQG4W1","http://localhost:3000/q/G4TQG4W1","unactivated"
"TAG-264","2NPUOXCC","http://localhost:3000/q/2NPUOXCC","unactivated"
"TAG-265","FFBJH8N0","http://localhost:3000/q/FFBJH8N0","unactivated"
"TAG-266","Z8TZ43QD","http://localhost:3000/q/Z8TZ43QD","unactivated"
"TAG-267","HHT7VP8P","http://localhost:3000/q/HHT7VP8P","unactivated"
"TAG-268","OMMI76WY","http://localhost:3000/q/OMMI76WY","unactivated"
"TAG-269","RU0HLGQ7","http://localhost:3000/q/RU0HLGQ7","unactivated"
"TAG-270","2547BFBF","http://localhost:3000/q/2547BFBF","unactivated"
"TAG-271","GPA1JN8F","http://localhost:3000/q/GPA1JN8F","unactivated"
"TAG-272","3HB2ZPU5","http://localhost:3000/q/3HB2ZPU5","unactivated"
"TAG-273","LG914VRW","http://localhost:3000/q/LG914VRW","unactivated"
"TAG-274","0N874IIM","http://localhost:3000/q/0N874IIM","unactivated"
"TAG-275","9YH3QJQD","http://localhost:3000/q/9YH3QJQD","unactivated"
"TAG-276","1AKWHVBH","http://localhost:3000/q/1AKWHVBH","unactivated"
"TAG-277","KFIXB1SX","http://localhost:3000/q/KFIXB1SX","unactivated"
"TAG-278","YB9LLSFE","http://localhost:3000/q/YB9LLSFE","unactivated"
"TAG-279","IVLZ97IO","http://localhost:3000/q/IVLZ97IO","unactivated"
"TAG-280","FU99WU16","http://localhost:3000/q/FU99WU16","unactivated"
"TAG-281","38V5JLF7","http://localhost:3000/q/38V5JLF7","unactivated"
"TAG-282","KP71V88Y","http://localhost:3000/q/KP71V88Y","unactivated"
"TAG-283","OJNQBN8V","http://localhost:3000/q/OJNQBN8V","unactivated"
"TAG-284","J0JWYXK8","http://localhost:3000/q/J0JWYXK8","unactivated"
"TAG-285","2FI3AQLX","http://localhost:3000/q/2FI3AQLX","unactivated"
"TAG-286","PP957EAM","http://localhost:3000/q/PP957EAM","unactivated"
"TAG-287","EDRCI2JX","http://localhost:3000/q/EDRCI2JX","unactivated"
"TAG-288","RET9DLVI","http://localhost:3000/q/RET9DLVI","unactivated"
"TAG-289","TQT57RAC","http://localhost:3000/q/TQT57RAC","unactivated"
"TAG-290","MUTY3JN0","http://localhost:3000/q/MUTY3JN0","unactivated"
"TAG-291","53S3WMZW","http://localhost:3000/q/53S3WMZW","unactivated"
"TAG-292","BIOQJ0M7","http://localhost:3000/q/BIOQJ0M7","unactivated"
"TAG-293","N0EFI4W0","http://localhost:3000/q/N0EFI4W0","unactivated"
"TAG-294","C04LB0FL","http://localhost:3000/q/C04LB0FL","unactivated"
"TAG-295","W7ALFJG1","http://localhost:3000/q/W7ALFJG1","unactivated"
"TAG-296","9NZ4UBPL","http://localhost:3000/q/9NZ4UBPL","unactivated"
"TAG-297","6B7GUABE","http://localhost:3000/q/6B7GUABE","unactivated"
"TAG-298","TF6WSOPU","http://localhost:3000/q/TF6WSOPU","unactivated"
"TAG-299","NK33NYPK","http://localhost:3000/q/NK33NYPK","unactivated"
"TAG-300","VQ7MXREP","http://localhost:3000/q/VQ7MXREP","unactivated"
"TAG-301","ZQXCOESH","http://localhost:3000/q/ZQXCOESH","unactivated"
"TAG-302","KSR6HWLA","http://localhost:3000/q/KSR6HWLA","unactivated"
"TAG-303","YS16RMB8","http://localhost:3000/q/YS16RMB8","unactivated"
"TAG-304","0XSUK0S3","http://localhost:3000/q/0XSUK0S3","unactivated"
"TAG-305","O4GWQNC2","http://localhost:3000/q/O4GWQNC2","unactivated"
"TAG-306","86TJNJMT","http://localhost:3000/q/86TJNJMT","unactivated"
"TAG-307","0CVPOVNW","http://localhost:3000/q/0CVPOVNW","unactivated"
"TAG-308","TXODOEBS","http://localhost:3000/q/TXODOEBS","unactivated"
"TAG-309","Q4O3E5H1","http://localhost:3000/q/Q4O3E5H1","unactivated"
"TAG-310","93U9J4RL","http://localhost:3000/q/93U9J4RL","unactivated"
"TAG-311","N656W3E4","http://localhost:3000/q/N656W3E4","unactivated"
"TAG-312","HQFW7FEA","http://localhost:3000/q/HQFW7FEA","unactivated"
"TAG-313","MS1RX2Q2","http://localhost:3000/q/MS1RX2Q2","unactivated"
"TAG-314","JYPTEPGG","http://localhost:3000/q/JYPTEPGG","unactivated"
"TAG-315","A781B3TO","http://localhost:3000/q/A781B3TO","unactivated"
"TAG-316","E6ZD0830","http://localhost:3000/q/E6ZD0830","unactivated"
"TAG-317","A1IE9TGD","http://localhost:3000/q/A1IE9TGD","unactivated"
"TAG-318","354MB8UY","http://localhost:3000/q/354MB8UY","unactivated"
"TAG-319","ELMTVB0W","http://localhost:3000/q/ELMTVB0W","unactivated"
"TAG-320","S3IROFT7","http://localhost:3000/q/S3IROFT7","unactivated"
"TAG-321","B94DH6YQ","http://localhost:3000/q/B94DH6YQ","unactivated"
"TAG-322","WUSQEQU4","http://localhost:3000/q/WUSQEQU4","unactivated"
"TAG-323","482E79O6","http://localhost:3000/q/482E79O6","unactivated"
"TAG-324","K14T0X7W","http://localhost:3000/q/K14T0X7W","unactivated"
"TAG-325","M8ZBVOTX","http://localhost:3000/q/M8ZBVOTX","unactivated"
"TAG-326","G625FVQD","http://localhost:3000/q/G625FVQD","unactivated"
"TAG-327","IW5RV8W1","http://localhost:3000/q/IW5RV8W1","unactivated"
"TAG-328","2IGG9KFT","http://localhost:3000/q/2IGG9KFT","unactivated"
"TAG-329","IA0GHX1Z","http://localhost:3000/q/IA0GHX1Z","unactivated"
"TAG-330","PRYN6TP8","http://localhost:3000/q/PRYN6TP8","unactivated"
"TAG-331","F5R1LJJZ","http://localhost:3000/q/F5R1LJJZ","unactivated"
"TAG-332","K8FLDQV1","http://localhost:3000/q/K8FLDQV1","unactivated"
"TAG-333","VXDENN1T","http://localhost:3000/q/VXDENN1T","unactivated"
"TAG-334","3Q5MRWIY","http://localhost:3000/q/3Q5MRWIY","unactivated"
"TAG-335","07Q3CPPX","http://localhost:3000/q/07Q3CPPX","unactivated"
"TAG-336","M95O61AW","http://localhost:3000/q/M95O61AW","unactivated"
"TAG-337","WGY2XOW7","http://localhost:3000/q/WGY2XOW7","unactivated"
"TAG-338","SRWEDTUG","http://localhost:3000/q/SRWEDTUG","unactivated"
"TAG-339","Y527RJ3P","http://localhost:3000/q/Y527RJ3P","unactivated"
"TAG-340","96Z1ERZ8","http://localhost:3000/q/96Z1ERZ8","unactivated"
"TAG-341","ZT7T5EMR","http://localhost:3000/q/ZT7T5EMR","unactivated"
"TAG-342","9GZQUQXS","http://localhost:3000/q/9GZQUQXS","unactivated"
"TAG-343","YTYV6NE0","http://localhost:3000/q/YTYV6NE0","unactivated"
"TAG-344","2IWIHBAT","http://localhost:3000/q/2IWIHBAT","unactivated"
"TAG-345","U92MAROY","http://localhost:3000/q/U92MAROY","unactivated"
"TAG-346","7ZPEFHO8","http://localhost:3000/q/7ZPEFHO8","unactivated"
"TAG-347","I5GY47U5","http://localhost:3000/q/I5GY47U5","unactivated"
"TAG-348","C8GDK1ZV","http://localhost:3000/q/C8GDK1ZV","unactivated"
"TAG-349","0YAE155O","http://localhost:3000/q/0YAE155O","unactivated"
"TAG-350","659YPE91","http://localhost:3000/q/659YPE91","unactivated"
"TAG-351","U347J6FQ","http://localhost:3000/q/U347J6FQ","unactivated"
"TAG-352","AJUCEPHT","http://localhost:3000/q/AJUCEPHT","unactivated"
"TAG-353","PXFEDFAP","http://localhost:3000/q/PXFEDFAP","unactivated"
"TAG-354","5XDHH554","http://localhost:3000/q/5XDHH554","unactivated"
"TAG-355","H6W0ILY6","http://localhost:3000/q/H6W0ILY6","unactivated"
"TAG-356","LGUXV10Y","http://localhost:3000/q/LGUXV10Y","unactivated"
"TAG-357","Q1LEXB9X","http://localhost:3000/q/Q1LEXB9X","unactivated"
"TAG-358","A9BYODHF","http://localhost:3000/q/A9BYODHF","unactivated"
"TAG-359","A0TMBFII","http://localhost:3000/q/A0TMBFII","unactivated"
"TAG-360","ZS8GJUHY","http://localhost:3000/q/ZS8GJUHY","unactivated"
"TAG-361","VXGVIZTN","http://localhost:3000/q/VXGVIZTN","unactivated"
"TAG-362","5PLWVYOG","http://localhost:3000/q/5PLWVYOG","unactivated"
"TAG-363","U1LJ7JU0","http://localhost:3000/q/U1LJ7JU0","unactivated"
"TAG-364","W0RF8A34","http://localhost:3000/q/W0RF8A34","unactivated"
"TAG-365","HZ3EL5QF","http://localhost:3000/q/HZ3EL5QF","unactivated"
"TAG-366","WH18NV4K","http://localhost:3000/q/WH18NV4K","unactivated"
"TAG-367","DP9YKRRR","http://localhost:3000/q/DP9YKRRR","unactivated"
"TAG-368","I5KX5FNH","http://localhost:3000/q/I5KX5FNH","unactivated"
"TAG-369","PPG4QZE8","http://localhost:3000/q/PPG4QZE8","unactivated"
"TAG-370","XJ6X6B64","http://localhost:3000/q/XJ6X6B64","unactivated"
"TAG-371","7H5GBAX2","http://localhost:3000/q/7H5GBAX2","unactivated"
"TAG-372","G64N0XYF","http://localhost:3000/q/G64N0XYF","unactivated"
"TAG-373","9UN48SOY","http://localhost:3000/q/9UN48SOY","unactivated"
"TAG-374","GKQ3RAO6","http://localhost:3000/q/GKQ3RAO6","unactivated"
"TAG-375","R8LWOVGZ","http://localhost:3000/q/R8LWOVGZ","unactivated"
"TAG-376","DUG64OH5","http://localhost:3000/q/DUG64OH5","unactivated"
"TAG-377","DKK5TBQ2","http://localhost:3000/q/DKK5TBQ2","unactivated"
"TAG-378","F76A3KN0","http://localhost:3000/q/F76A3KN0","unactivated"
"TAG-379","SJAX18OK","http://localhost:3000/q/SJAX18OK","unactivated"
"TAG-380","MHOU2C9Q","http://localhost:3000/q/MHOU2C9Q","unactivated"
"TAG-381","17SUVS97","http://localhost:3000/q/17SUVS97","unactivated"
"TAG-382","OQ54P5ZQ","http://localhost:3000/q/OQ54P5ZQ","unactivated"
"TAG-383","E6PJCCQU","http://localhost:3000/q/E6PJCCQU","unactivated"
"TAG-384","R83ZT08N","http://localhost:3000/q/R83ZT08N","unactivated"
"TAG-385","YIJX4MAV","http://localhost:3000/q/YIJX4MAV","unactivated"
"TAG-386","WJ2M4QJ4","http://localhost:3000/q/WJ2M4QJ4","unactivated"
"TAG-387","7GV8F2JH","http://localhost:3000/q/7GV8F2JH","unactivated"
"TAG-388","Z0CGTTEF","http://localhost:3000/q/Z0CGTTEF","unactivated"
"TAG-389","JBESER9U","http://localhost:3000/q/JBESER9U","unactivated"
"TAG-390","1B3292O0","http://localhost:3000/q/1B3292O0","unactivated"
"TAG-391","QA758YOP","http://localhost:3000/q/QA758YOP","unactivated"
"TAG-392","61XMBA38","http://localhost:3000/q/61XMBA38","unactivated"
"TAG-393","3XIQXZVN","http://localhost:3000/q/3XIQXZVN","unactivated"
"TAG-394","VJ46RMJ9","http://localhost:3000/q/VJ46RMJ9","unactivated"
"TAG-395","5HU7WNSY","http://localhost:3000/q/5HU7WNSY","unactivated"
"TAG-396","CCMPLQ3I","http://localhost:3000/q/CCMPLQ3I","unactivated"
"TAG-397","UNEBA1JQ","http://localhost:3000/q/UNEBA1JQ","unactivated"
"TAG-398","4Z14VUFB","http://localhost:3000/q/4Z14VUFB","unactivated"
"TAG-399","PJF6A09X","http://localhost:3000/q/PJF6A09X","unactivated"
"TAG-400","VVEUDLOI","http://localhost:3000/q/VVEUDLOI","unactivated"
"TAG-401","SCOOH6C3","http://localhost:3000/q/SCOOH6C3","unactivated"
"TAG-402","6N62ZOGG","http://localhost:3000/q/6N62ZOGG","unactivated"
"TAG-403","U5K1YQTK","http://localhost:3000/q/U5K1YQTK","unactivated"
"TAG-404","E0FLA79Z","http://localhost:3000/q/E0FLA79Z","unactivated"
"TAG-405","VBEYMWP2","http://localhost:3000/q/VBEYMWP2","unactivated"
"TAG-406","FPRVYJBZ","http://localhost:3000/q/FPRVYJBZ","unactivated"
"TAG-407","4TR855OS","http://localhost:3000/q/4TR855OS","unactivated"
"TAG-408","NL2OKHDU","http://localhost:3000/q/NL2OKHDU","unactivated"
"TAG-409","PP797XWZ","http://localhost:3000/q/PP797XWZ","unactivated"
"TAG-410","M8SCHLMT","http://localhost:3000/q/M8SCHLMT","unactivated"
"TAG-411","VKYDWDQX","http://localhost:3000/q/VKYDWDQX","unactivated"
"TAG-412","ITPSLH2A","http://localhost:3000/q/ITPSLH2A","unactivated"
"TAG-413","4YR2SKYJ","http://localhost:3000/q/4YR2SKYJ","unactivated"
"TAG-414","TJAM4BBH","http://localhost:3000/q/TJAM4BBH","unactivated"
"TAG-415","YHFC0UV4","http://localhost:3000/q/YHFC0UV4","unactivated"
"TAG-416","CTOZJ1FT","http://localhost:3000/q/CTOZJ1FT","unactivated"
"TAG-417","34IUOJR8","http://localhost:3000/q/34IUOJR8","unactivated"
"TAG-418","0PW5PQXJ","http://localhost:3000/q/0PW5PQXJ","unactivated"
"TAG-419","LTCNDPRB","http://localhost:3000/q/LTCNDPRB","unactivated"
"TAG-420","W9KJ4PRY","http://localhost:3000/q/W9KJ4PRY","unactivated"
"TAG-421","0DGVN9MZ","http://localhost:3000/q/0DGVN9MZ","unactivated"
"TAG-422","94HHQ050","http://localhost:3000/q/94HHQ050","unactivated"
"TAG-423","RJY7GEVV","http://localhost:3000/q/RJY7GEVV","unactivated"
"TAG-424","6J9ZMBX5","http://localhost:3000/q/6J9ZMBX5","unactivated"
"TAG-425","HJJ57POE","http://localhost:3000/q/HJJ57POE","unactivated"
"TAG-426","7LE46ONZ","http://localhost:3000/q/7LE46ONZ","unactivated"
"TAG-427","SCAY299K","http://localhost:3000/q/SCAY299K","unactivated"
"TAG-428","ZW85P2L7","http://localhost:3000/q/ZW85P2L7","unactivated"
"TAG-429","CZMZJGYL","http://localhost:3000/q/CZMZJGYL","unactivated"
"TAG-430","VYSMQHFY","http://localhost:3000/q/VYSMQHFY","unactivated"
"TAG-431","YBTUWP9S","http://localhost:3000/q/YBTUWP9S","unactivated"
"TAG-432","JJ0KW7DE","http://localhost:3000/q/JJ0KW7DE","unactivated"
"TAG-433","L50Y1V1P","http://localhost:3000/q/L50Y1V1P","unactivated"
"TAG-434","PUYJRIL5","http://localhost:3000/q/PUYJRIL5","unactivated"
"TAG-435","CDD7ZR84","http://localhost:3000/q/CDD7ZR84","unactivated"
"TAG-436","QB21HPNN","http://localhost:3000/q/QB21HPNN","unactivated"
"TAG-437","KCB5236B","http://localhost:3000/q/KCB5236B","unactivated"
"TAG-438","Y7Q2MYTE","http://localhost:3000/q/Y7Q2MYTE","unactivated"
"TAG-439","5N1KPISW","http://localhost:3000/q/5N1KPISW","unactivated"
"TAG-440","9930ZNCH","http://localhost:3000/q/9930ZNCH","unactivated"
"TAG-441","FCYIADID","http://localhost:3000/q/FCYIADID","unactivated"
"TAG-442","A9RQZWXB","http://localhost:3000/q/A9RQZWXB","unactivated"
"TAG-443","3I797Z2S","http://localhost:3000/q/3I797Z2S","unactivated"
"TAG-444","WATUBLSN","http://localhost:3000/q/WATUBLSN","unactivated"
"TAG-445","W0D3E5W7","http://localhost:3000/q/W0D3E5W7","unactivated"
"TAG-446","WWDIUPG8","http://localhost:3000/q/WWDIUPG8","unactivated"
"TAG-447","IA05TIC7","http://localhost:3000/q/IA05TIC7","unactivated"
"TAG-448","M36HOI6M","http://localhost:3000/q/M36HOI6M","unactivated"
"TAG-449","L27GNJR9","http://localhost:3000/q/L27GNJR9","unactivated"
"TAG-450","UNJX8EKP","http://localhost:3000/q/UNJX8EKP","unactivated"
"TAG-451","F0EPIJ5C","http://localhost:3000/q/F0EPIJ5C","unactivated"
"TAG-452","1L87I3DU","http://localhost:3000/q/1L87I3DU","unactivated"
"TAG-453","WFNESJHT","http://localhost:3000/q/WFNESJHT","unactivated"
"TAG-454","W30W51B6","http://localhost:3000/q/W30W51B6","unactivated"
"TAG-455","30ONJMCP","http://localhost:3000/q/30ONJMCP","unactivated"
"TAG-456","SJTLR6BF","http://localhost:3000/q/SJTLR6BF","unactivated"
"TAG-457","BVRA823X","http://localhost:3000/q/BVRA823X","unactivated"
"TAG-458","3UQL9MI2","http://localhost:3000/q/3UQL9MI2","unactivated"
"TAG-459","HBLJAU20","http://localhost:3000/q/HBLJAU20","unactivated"
"TAG-460","2758ZJP9","http://localhost:3000/q/2758ZJP9","unactivated"
"TAG-461","WDKISTN1","http://localhost:3000/q/WDKISTN1","unactivated"
"TAG-462","56Z2RHCH","http://localhost:3000/q/56Z2RHCH","unactivated"
"TAG-463","VNCXYHJB","http://localhost:3000/q/VNCXYHJB","unactivated"
"TAG-464","AC510VLQ","http://localhost:3000/q/AC510VLQ","unactivated"
"TAG-465","W2GAGJBK","http://localhost:3000/q/W2GAGJBK","unactivated"
"TAG-466","LYXK8ZZY","http://localhost:3000/q/LYXK8ZZY","unactivated"
"TAG-467","D2ZY1QCV","http://localhost:3000/q/D2ZY1QCV","unactivated"
"TAG-468","4CJCGR5F","http://localhost:3000/q/4CJCGR5F","unactivated"
"TAG-469","LN7IWZZE","http://localhost:3000/q/LN7IWZZE","unactivated"
"TAG-470","N7O5BCOY","http://localhost:3000/q/N7O5BCOY","unactivated"
"TAG-471","6ZI73L40","http://localhost:3000/q/6ZI73L40","unactivated"
"TAG-472","PPFF7QQU","http://localhost:3000/q/PPFF7QQU","unactivated"
"TAG-473","0RISIV1M","http://localhost:3000/q/0RISIV1M","unactivated"
"TAG-474","3KBHFS92","http://localhost:3000/q/3KBHFS92","unactivated"
"TAG-475","L3ST5VDP","http://localhost:3000/q/L3ST5VDP","unactivated"
"TAG-476","YX0OE8Q6","http://localhost:3000/q/YX0OE8Q6","unactivated"
"TAG-477","WXY9Y0ZE","http://localhost:3000/q/WXY9Y0ZE","unactivated"
"TAG-478","Q32U0LUL","http://localhost:3000/q/Q32U0LUL","unactivated"
"TAG-479","AQID9L8Q","http://localhost:3000/q/AQID9L8Q","unactivated"
"TAG-480","NKWQMTHL","http://localhost:3000/q/NKWQMTHL","unactivated"
"TAG-481","GWNU10CO","http://localhost:3000/q/GWNU10CO","unactivated"
"TAG-482","DD79O5VZ","http://localhost:3000/q/DD79O5VZ","unactivated"
"TAG-483","1W4EK7GV","http://localhost:3000/q/1W4EK7GV","unactivated"
"TAG-484","53PIEZLK","http://localhost:3000/q/53PIEZLK","unactivated"
"TAG-485","ZSNOK724","http://localhost:3000/q/ZSNOK724","unactivated"
"TAG-486","5RXQ3JP3","http://localhost:3000/q/5RXQ3JP3","unactivated"
"TAG-487","XXYBF3K4","http://localhost:3000/q/XXYBF3K4","unactivated"
"TAG-488","1IV22CY4","http://localhost:3000/q/1IV22CY4","unactivated"
"TAG-489","37FSBIU8","http://localhost:3000/q/37FSBIU8","unactivated"
"TAG-490","OQ00N6BJ","http://localhost:3000/q/OQ00N6BJ","unactivated"
"TAG-491","XHNNMA1E","http://localhost:3000/q/XHNNMA1E","unactivated"
"TAG-492","MJDZ59D5","http://localhost:3000/q/MJDZ59D5","unactivated"
"TAG-493","TM11GR12","http://localhost:3000/q/TM11GR12","unactivated"
"TAG-494","XI9OU7YL","http://localhost:3000/q/XI9OU7YL","unactivated"
"TAG-495","C9ELZQ2P","http://localhost:3000/q/C9ELZQ2P","unactivated"
"TAG-496","5F3LNVMT","http://localhost:3000/q/5F3LNVMT","unactivated"
"TAG-497","B6FPEKSN","http://localhost:3000/q/B6FPEKSN","unactivated"
"TAG-498","JKHGM6CV","http://localhost:3000/q/JKHGM6CV","unactivated"
"TAG-499","W65TGRTL","http://localhost:3000/q/W65TGRTL","unactivated"
"TAG-500","BMM5TAMK","http://localhost:3000/q/BMM5TAMK","unactivated"
